Select Metropolitan Statistical Areas.Population 25 to 64,Total Population (2022).59800,Less than a Bachelor's degree.0.13,All Bachelor's Degree Holders.0.13,Computer Science.0.04,Engineering.0.03,Civil Engineering.0.02,Electrical Engineering.0.03,Mechanical Engineering.0.03,Mathematics.0.02,Biology.0.04,Chemistry.0.02,Psychology.0.05,Economics.0.03,Political Science.0.04,Sociology.0.03,Nursing.0.05,Other Science and Engineering Degrees1.0.08,General Business.0.05,Accounting.0.04,Business Management and Adminstration.0.05,Marketing.0.04,Finance.0.03,Other Business Degrees.0.04,General Education.0.05,Elementary Education.0.03,Other Education Degrees.0.04,Communications.0.04,English Language and Literature.0.03,Liberal Arts.0.02,History.0.03,Fine Arts.0.03,Commerical Art and Graphic Design.0.03,Family and Consumer Sciences.0.02,"Physical Fitness, Parks, Recreation, and Leisure.0.03",Criminal Justice and Fire Protection.0.04,Social Work.0.02,Other Degrees.0.07
Atlanta-Sandy Springs-Alpharetta GA,6299.0,0.54,0.54,0.25,0.17,0.14,0.2,0.19,0.17,0.31,0.12,0.35,0.21,0.22,0.2,0.27,0.57,0.34,0.36,0.47,0.23,0.28,0.26,0.3,0.17,0.25,0.27,0.22,0.1,0.19,0.17,0.16,0.13,0.19,0.28,0.14,0.41
Austin-Round Rock-Georgetown TX,2007.0,1.13,1.13,0.51,0.33,0.24,0.42,0.3,0.28,0.35,0.14,0.47,0.34,0.39,0.28,0.42,0.79,0.52,0.42,0.49,0.35,0.37,0.4,0.32,0.2,0.34,0.42,0.34,0.26,0.37,0.27,0.25,0.14,0.33,0.38,0.2,0.74
Baltimore-Columbia-Towson MD,2403.0,0.73,0.73,0.37,0.14,0.18,0.38,0.34,0.26,0.45,0.22,0.56,0.31,0.32,0.28,0.43,0.86,0.5,0.38,0.5,0.26,0.37,0.32,0.27,0.36,0.35,0.34,0.38,0.19,0.28,0.27,0.19,0.18,0.24,0.36,0.19,0.53
Boston-Cambridge-Newton MA-NH,2571.0,0.61,0.61,0.23,0.16,0.15,0.21,0.19,0.15,0.25,0.16,0.34,0.33,0.25,0.16,0.26,0.59,0.31,0.29,0.3,0.22,0.25,0.21,0.22,0.15,0.18,0.23,0.3,0.14,0.19,0.12,0.16,0.09,0.15,0.18,0.12,0.4
Charlotte-Concord-Gastonia NC-SC,3456.0,0.98,0.98,0.38,0.3,0.21,0.33,0.33,0.21,0.35,0.18,0.52,0.29,0.27,0.24,0.42,0.81,0.66,0.38,0.66,0.45,0.37,0.41,0.41,0.36,0.39,0.51,0.35,0.15,0.3,0.28,0.18,0.17,0.34,0.41,0.24,0.61
Chicago-Naperville-Elgin IL-IN-WI,2834.0,0.4,0.4,0.21,0.15,0.12,0.18,0.16,0.13,0.22,0.15,0.23,0.22,0.15,0.16,0.23,0.5,0.26,0.26,0.3,0.22,0.21,0.23,0.21,0.17,0.19,0.23,0.26,0.14,0.15,0.14,0.18,0.09,0.1,0.19,0.14,0.33
Cincinnati OH-KY-IN,3433.0,0.9,0.9,0.37,0.3,0.24,0.43,0.41,0.24,0.51,0.26,0.5,0.28,0.42,0.18,0.67,0.96,0.63,0.45,0.58,0.49,0.42,0.36,0.35,0.43,0.4,0.45,0.33,0.23,0.46,0.25,0.25,0.27,0.34,0.37,0.35,0.69
Dallas-Fort Worth-Arlington TX,3288.0,0.47,0.47,0.32,0.22,0.11,0.29,0.19,0.15,0.24,0.13,0.24,0.25,0.22,0.13,0.33,0.58,0.36,0.31,0.39,0.27,0.35,0.27,0.26,0.19,0.24,0.23,0.16,0.19,0.15,0.1,0.12,0.14,0.19,0.23,0.15,0.45
Denver-Aurora-Lakewood CO,2423.0,0.7,0.7,0.29,0.23,0.26,0.25,0.23,0.24,0.3,0.15,0.4,0.3,0.33,0.27,0.28,0.63,0.4,0.29,0.38,0.35,0.23,0.31,0.19,0.18,0.26,0.37,0.3,0.17,0.24,0.19,0.2,0.18,0.25,0.2,0.18,0.52
Detroit-Warren-Dearborn MI,1126.0,0.54,0.54,0.39,0.28,0.11,0.3,0.43,0.16,0.22,0.13,0.4,0.23,0.24,0.18,0.37,0.79,0.49,0.36,0.49,0.3,0.28,0.36,0.3,0.3,0.25,0.31,0.21,0.17,0.17,0.18,0.2,0.14,0.17,0.31,0.22,0.45
Houston-The Woodlands-Sugar Land TX,2854.0,0.55,0.55,0.4,0.29,0.25,0.33,0.37,0.17,0.44,0.23,0.4,0.21,0.25,0.13,0.35,0.73,0.39,0.39,0.46,0.26,0.35,0.35,0.35,0.2,0.26,0.26,0.23,0.17,0.18,0.14,0.1,0.13,0.27,0.28,0.15,0.42
Las Vegas-Henderson-Paradise NV,704.0,0.97,0.97,0.57,0.3,0.27,0.38,0.22,0.2,0.54,0.22,0.61,0.34,0.52,0.29,0.55,1.55,0.75,0.58,1.0,0.56,0.37,0.77,0.62,0.48,0.51,0.49,0.35,0.39,0.28,0.3,0.39,0.25,0.68,0.52,0.34,0.99
Los Angeles-Long Beach-Anaheim CA,1532.0,0.32,0.32,0.17,0.11,0.1,0.16,0.13,0.1,0.19,0.09,0.26,0.18,0.18,0.16,0.19,0.42,0.27,0.18,0.22,0.15,0.15,0.19,0.17,0.08,0.12,0.19,0.19,0.11,0.14,0.15,0.13,0.11,0.11,0.13,0.09,0.32
Miami-Fort Lauderdale-Pompano Beach FL,698.0,0.62,0.62,0.21,0.26,0.2,0.22,0.18,0.14,0.34,0.12,0.39,0.28,0.25,0.16,0.52,0.65,0.43,0.46,0.55,0.32,0.32,0.32,0.27,0.21,0.23,0.26,0.27,0.14,0.19,0.15,0.22,0.07,0.2,0.26,0.19,0.51
Minneapolis-St. Paul-Bloomington MN-WI,3102.0,0.68,0.68,0.29,0.22,0.13,0.22,0.24,0.18,0.3,0.2,0.38,0.24,0.29,0.21,0.31,0.63,0.33,0.36,0.39,0.34,0.29,0.25,0.23,0.25,0.24,0.33,0.28,0.16,0.19,0.18,0.27,0.12,0.18,0.2,0.19,0.4
New York-Newark-Jersey City NY-NJ-PA,3961.0,0.29,0.29,0.14,0.1,0.09,0.09,0.09,0.09,0.17,0.07,0.24,0.15,0.13,0.1,0.14,0.32,0.17,0.19,0.19,0.12,0.15,0.13,0.17,0.11,0.13,0.15,0.16,0.1,0.13,0.09,0.1,0.05,0.06,0.11,0.08,0.25
Orlando-Kissimmee-Sanford FL,2045.0,0.78,0.78,0.5,0.35,0.23,0.46,0.36,0.22,0.51,0.24,0.54,0.25,0.41,0.27,0.68,1.19,0.58,0.5,0.66,0.47,0.32,0.59,0.64,0.36,0.47,0.39,0.34,0.25,0.22,0.22,0.37,0.16,0.31,0.34,0.26,0.77
Philadelphia-Camden-Wilmington PA-NJ-DE-MD,2395.0,0.54,0.54,0.22,0.17,0.13,0.16,0.17,0.17,0.28,0.14,0.37,0.24,0.23,0.16,0.3,0.62,0.32,0.32,0.29,0.2,0.24,0.26,0.26,0.22,0.27,0.3,0.25,0.17,0.19,0.16,0.14,0.09,0.15,0.25,0.16,0.39
Phoenix-Mesa-Chandler AZ,1589.0,0.59,0.59,0.31,0.24,0.18,0.28,0.23,0.15,0.32,0.17,0.44,0.22,0.24,0.22,0.52,0.74,0.45,0.33,0.49,0.25,0.28,0.35,0.44,0.31,0.29,0.33,0.24,0.2,0.26,0.16,0.2,0.13,0.22,0.27,0.19,0.52
Pittsburgh PA,1744.0,0.81,0.81,0.36,0.28,0.19,0.37,0.34,0.28,0.4,0.22,0.43,0.25,0.36,0.19,0.4,0.89,0.43,0.41,0.44,0.38,0.38,0.41,0.34,0.38,0.46,0.52,0.35,0.17,0.32,0.22,0.22,0.2,0.21,0.33,0.2,0.51
Portland-Vancouver-Hillsboro OR-WA,2750.0,0.82,0.82,0.33,0.22,0.18,0.3,0.27,0.22,0.41,0.16,0.37,0.31,0.4,0.3,0.46,0.92,0.49,0.32,0.48,0.32,0.22,0.23,0.27,0.28,0.3,0.38,0.5,0.24,0.36,0.39,0.3,0.16,0.23,0.2,0.2,0.65
Riverside-San Bernardino-Ontario CA,790.0,0.62,0.62,0.37,0.27,0.19,0.32,0.19,0.29,0.45,0.21,0.56,0.31,0.33,0.41,0.63,0.81,0.64,0.39,0.59,0.31,0.28,0.38,0.45,0.25,0.26,0.33,0.37,0.34,0.26,0.29,0.27,0.26,0.27,0.47,0.24,0.59
Sacramento-Roseville-Folsom CA,2117.0,0.84,0.84,0.33,0.27,0.29,0.45,0.3,0.31,0.51,0.18,0.54,0.45,0.41,0.46,0.59,0.92,0.62,0.45,0.57,0.33,0.32,0.32,0.37,0.16,0.3,0.44,0.36,0.35,0.29,0.26,0.3,0.35,0.35,0.28,0.19,0.72
St. Louis MO-IL,2319.0,0.74,0.74,0.42,0.18,0.16,0.28,0.26,0.19,0.45,0.2,0.49,0.28,0.36,0.23,0.52,0.93,0.52,0.41,0.58,0.4,0.3,0.34,0.45,0.42,0.42,0.4,0.34,0.23,0.24,0.23,0.22,0.18,0.32,0.3,0.2,0.63
San Antonio-New Braunfels TX,3293.0,0.98,0.98,0.4,0.23,0.35,0.3,0.29,0.32,0.66,0.22,0.6,0.34,0.42,0.29,0.81,1.12,0.64,0.52,0.83,0.47,0.36,0.61,0.64,0.55,0.46,0.47,0.52,0.25,0.45,0.22,0.26,0.28,0.41,0.54,0.29,0.8
San Diego-Chula Vista-Carlsbad CA,560.0,0.76,0.76,0.29,0.34,0.23,0.38,0.28,0.22,0.4,0.26,0.47,0.29,0.37,0.28,0.4,0.78,0.4,0.31,0.46,0.4,0.27,0.35,0.26,0.15,0.26,0.41,0.27,0.28,0.28,0.19,0.21,0.28,0.29,0.33,0.2,0.5
San Francisco-Oakland-Berkeley CA,2346.0,0.6,0.6,0.39,0.19,0.14,0.27,0.17,0.18,0.26,0.16,0.24,0.3,0.25,0.18,0.24,0.54,0.28,0.27,0.3,0.15,0.18,0.2,0.17,0.11,0.17,0.2,0.27,0.14,0.23,0.18,0.17,0.11,0.14,0.17,0.08,0.38
Seattle-Tacoma-Bellevue WA,1294.0,0.63,0.63,0.48,0.21,0.17,0.37,0.23,0.19,0.28,0.15,0.28,0.25,0.24,0.25,0.33,0.65,0.37,0.23,0.38,0.26,0.22,0.27,0.19,0.18,0.23,0.27,0.27,0.16,0.23,0.2,0.2,0.11,0.17,0.2,0.11,0.49
Tampa-St. Petersburg-Clearwater FL,1708.0,0.8,0.8,0.35,0.26,0.2,0.22,0.24,0.18,0.46,0.2,0.49,0.37,0.42,0.23,0.54,0.93,0.59,0.44,0.54,0.45,0.56,0.44,0.43,0.28,0.33,0.38,0.29,0.11,0.34,0.16,0.25,0.16,0.37,0.46,0.26,0.66
Washington-Arlington-Alexandria DC-VA-MD-WV,4341.0,0.51,0.51,0.23,0.15,0.13,0.17,0.17,0.14,0.26,0.13,0.25,0.21,0.3,0.16,0.21,0.58,0.23,0.28,0.36,0.2,0.17,0.19,0.18,0.1,0.17,0.2,0.19,0.1,0.2,0.1,0.12,0.08,0.15,0.19,0.09,0.36
Source: U.S. Census Bureau 2022 American Community Survey 1-year estimates. For more information refer to <www.census.gov/acs>.,nan,nan,nan,nan,nan,nan,nan,nan,nan,nan,nan,nan,nan,nan,nan,nan,nan,nan,nan,nan,nan,nan,nan,nan,nan,nan,nan,nan,nan,nan,nan,nan,nan,nan,nan,nan,nan
The Census Bureau has reviewed this data product to ensure appropriate access use and disclosure avoidance protection of the confidential source data used to produce this product (Data Management System (DMS) number: P-001-0000001262 Disclosure Review Board (DRB) approval number: CBDRB-FY23-SEHSD003-068.,nan,nan,nan,nan,nan,nan,nan,nan,nan,nan,nan,nan,nan,nan,nan,nan,nan,nan,nan,nan,nan,nan,nan,nan,nan,nan,nan,nan,nan,nan,nan,nan,nan,nan,nan,nan,nan
"Note: 1. Science and Engineering related fields are included within the ""other science and engineering degrees"" category.",nan,nan,nan,nan,nan,nan,nan,nan,nan,nan,nan,nan,nan,nan,nan,nan,nan,nan,nan,nan,nan,nan,nan,nan,nan,nan,nan,nan,nan,nan,nan,nan,nan,nan,nan,nan,nan
