.Select Metropolitan Statistical Areas,Educational Attainment.Less than a Bachelor's degree,Educational Attainment.Bachelor's Degree or Higher,Science and Engineering Degrees.Computer Science,Science and Engineering Degrees.Engineering,Science and Engineering Degrees.Civil Engineering,Science and Engineering Degrees.Electrical Engineering,Science and Engineering Degrees.Mechanical Engineering,Science and Engineering Degrees.Mathematics,Science and Engineering Degrees.Biology,Science and Engineering Degrees.Chemistry,Science and Engineering Degrees.Psychology,Science and Engineering Degrees.Economics,Science and Engineering Degrees.Political Science,Science and Engineering Degrees.Sociology,Science and Engineering Degrees.Nursing,Science and Engineering Degrees.Other Science and Engineering Degrees1,Business Degrees.General Business,Business Degrees.Accounting,Business Degrees.Business Management and Adminstration,Business Degrees.Marketing,Business Degrees.Finance,Business Degrees.Other Business Degrees,Education Degrees.General Education,Education Degrees.Elementary Education,Education Degrees.Other Education Degrees,"Arts, Humanities, and Other Degrees.Communications","Arts, Humanities, and Other Degrees.English Language and Literature","Arts, Humanities, and Other Degrees.Liberal Arts","Arts, Humanities, and Other Degrees.History","Arts, Humanities, and Other Degrees.Fine Arts","Arts, Humanities, and Other Degrees.Commerical Art and Graphic Design","Arts, Humanities, and Other Degrees.Family and Consumer Sciences","Arts, Humanities, and Other Degrees.Physical Fitness, Parks, Recreation, and Leisure","Arts, Humanities, and Other Degrees.Criminal Justice and Fire Protection","Arts, Humanities, and Other Degrees.Social Work","Arts, Humanities, and Other Degrees.Other Degrees"
Total Population age 25 to 64 with earnings,50.0,166.0,1597.0,1031.0,1702.0,1239.0,957.0,1476.0,707.0,2114.0,488.0,916.0,1325.0,837.0,813.0,460.0,711.0,1051.0,581.0,799.0,1779.0,882.0,731.0,550.0,478.0,1017.0,927.0,1044.0,1006.0,1303.0,1049.0,952.0,691.0,809.0,838.0,420.0
Atlanta-Sandy Springs-Alpharetta GA,425.0,995.0,5354.0,10270.0,7677.0,7464.0,8349.0,15880.0,7360.0,15510.0,2511.0,10530.0,6077.0,9905.0,4619.0,2493.0,7387.0,5478.0,3084.0,6911.0,6689.0,6832.0,3865.0,6920.0,2407.0,4922.0,7256.0,12560.0,8912.0,9346.0,3905.0,5853.0,9284.0,7260.0,13030.0,2277.0
Austin-Round Rock-Georgetown TX,1456.0,1374.0,4895.0,15380.0,15770.0,12920.0,15770.0,16880.0,9474.0,35110.0,6055.0,20090.0,10700.0,8651.0,8249.0,4776.0,10290.0,11390.0,14060.0,5156.0,29410.0,11140.0,5314.0,5075.0,5003.0,11200.0,7411.0,5716.0,8383.0,8582.0,22280.0,10450.0,17770.0,17790.0,3656.0,5393.0
Baltimore-Columbia-Towson MD,1203.0,1434.0,6664.0,7914.0,15470.0,17870.0,17950.0,13270.0,8614.0,7941.0,7825.0,9375.0,8084.0,13490.0,4596.0,2948.0,7158.0,6887.0,7059.0,15700.0,8494.0,6276.0,7210.0,5437.0,5724.0,11300.0,7580.0,13610.0,10260.0,17930.0,17640.0,17150.0,11430.0,17380.0,11250.0,4684.0
Boston-Cambridge-Newton MA-NH,780.0,694.8,5384.0,16990.0,17520.0,8867.0,9686.0,12180.0,4832.0,17250.0,4541.0,7496.0,9041.0,10940.0,4089.0,2119.0,3376.0,5761.0,4374.0,6001.0,14540.0,2556.0,7930.0,5475.0,7149.0,7895.0,5141.0,5892.0,5136.0,9115.0,10280.0,21590.0,12190.0,5532.0,13960.0,2367.0
Charlotte-Concord-Gastonia NC-SC,597.0,1623.0,10770.0,22440.0,28650.0,7578.0,9914.0,20390.0,16590.0,32540.0,5671.0,9601.0,18340.0,25300.0,9850.0,4406.0,8059.0,7159.0,7108.0,7606.0,13970.0,11360.0,2363.0,3870.0,3320.0,4312.0,5971.0,12890.0,13080.0,16360.0,7299.0,9660.0,9113.0,3005.0,8551.0,5693.0
Chicago-Naperville-Elgin IL-IN-WI,323.0,1097.0,4889.0,9249.0,12070.0,10140.0,9624.0,5279.0,3478.0,13050.0,4059.0,5474.0,7644.0,7548.0,3346.0,1614.0,5286.0,4342.0,3388.0,5656.0,5085.0,3603.0,2073.0,3396.0,3563.0,5684.0,4640.0,10380.0,7718.0,3946.0,8078.0,11470.0,4369.0,6519.0,6928.0,3277.0
Cincinnati OH-KY-IN,641.0,1323.0,8955.0,21290.0,18610.0,9949.0,13530.0,26860.0,8657.0,25750.0,5953.0,44930.0,16730.0,23270.0,4278.0,3506.0,12430.0,8307.0,8647.0,11300.0,19460.0,13600.0,7260.0,11650.0,3273.0,4533.0,8677.0,25210.0,11760.0,7425.0,8267.0,11190.0,6211.0,6096.0,10210.0,8571.0
Dallas-Fort Worth-Arlington TX,402.0,1560.0,3567.0,6661.0,9750.0,8818.0,10990.0,13830.0,8065.0,18670.0,4099.0,9657.0,9971.0,5425.0,4908.0,2999.0,8770.0,4377.0,4016.0,7419.0,17900.0,5604.0,1359.0,1700.0,2524.0,3274.0,4827.0,6061.0,11540.0,8794.0,7905.0,10430.0,5899.0,5063.0,4817.0,3167.0
Denver-Aurora-Lakewood CO,998.0,1027.0,6930.0,17100.0,4702.0,12670.0,9691.0,15550.0,6626.0,13160.0,5388.0,7188.0,12530.0,12820.0,4783.0,2911.0,11860.0,7739.0,6290.0,4995.0,13250.0,13350.0,7232.0,8945.0,5774.0,2621.0,7864.0,11250.0,7011.0,6021.0,5341.0,16540.0,5216.0,12570.0,7271.0,5194.0
Detroit-Warren-Dearborn MI,450.0,1603.0,4986.0,6275.0,13510.0,5221.0,9843.0,10020.0,8200.0,15110.0,4271.0,6977.0,10610.0,8529.0,3684.0,2510.0,8479.0,7117.0,4301.0,7104.0,7941.0,8147.0,6740.0,5509.0,3040.0,7058.0,7296.0,9633.0,6485.0,4368.0,7721.0,20920.0,21140.0,3701.0,3697.0,6078.0
Houston-The Woodlands-Sugar Land TX,728.0,1163.0,6838.0,17610.0,15960.0,21600.0,12820.0,13130.0,12570.0,16020.0,3090.0,9826.0,7843.0,7461.0,4222.0,3526.0,8174.0,3658.0,5317.0,11940.0,15150.0,7209.0,1913.0,2293.0,3428.0,5123.0,7007.0,13910.0,5448.0,8131.0,11790.0,12800.0,4508.0,5564.0,21850.0,4660.0
Las Vegas-Henderson-Paradise NV,979.0,1403.0,7463.0,10350.0,38170.0,29060.0,18760.0,35700.0,17060.0,22730.0,7792.0,19870.0,24870.0,21690.0,13480.0,5744.0,14950.0,15880.0,7070.0,21800.0,25020.0,7467.0,5150.0,4752.0,3456.0,10070.0,21980.0,15400.0,12070.0,11820.0,18990.0,57950.0,14800.0,7478.0,7754.0,7275.0
Los Angeles-Long Beach-Anaheim CA,398.0,736.0,3853.0,3458.0,5324.0,8449.0,12630.0,7943.0,6855.0,8862.0,2814.0,8571.0,5051.0,5307.0,4016.0,1987.0,4915.0,4885.0,3787.0,6120.0,7664.0,4688.0,3901.0,9749.0,7777.0,4225.0,3685.0,4843.0,4872.0,4170.0,8020.0,5788.0,8090.0,9202.0,9664.0,2225.0
Miami-Fort Lauderdale-Pompano Beach FL,460.0,795.0,7999.0,5626.0,9171.0,13690.0,10630.0,19670.0,8810.0,16140.0,2749.0,9801.0,12750.0,9203.0,5109.0,4087.0,5003.0,5801.0,4825.0,9103.0,10050.0,5695.0,2363.0,4549.0,4248.0,6536.0,4664.0,8382.0,28690.0,17470.0,10170.0,13150.0,6044.0,5658.0,2291.0,2862.0
Minneapolis-St. Paul-Bloomington MN-WI,701.0,1374.0,12000.0,13650.0,6136.0,13900.0,6908.0,10730.0,3158.0,11050.0,3473.0,14710.0,10620.0,6099.0,3450.0,3153.0,7335.0,8584.0,4379.0,5612.0,10860.0,6170.0,6865.0,5403.0,5331.0,4611.0,4425.0,16010.0,8326.0,9803.0,8577.0,8582.0,4965.0,8348.0,9537.0,3421.0
New York-Newark-Jersey City NY-NJ-PA,289.0,625.0,5859.0,8362.0,7076.0,9337.0,4871.0,6249.0,4424.0,5106.0,2874.0,6982.0,4303.0,3346.0,1728.0,2183.0,3760.0,3246.0,2373.0,1972.0,8272.0,5348.0,3020.0,4928.0,2481.0,3268.0,2686.0,4855.0,7051.0,6273.0,4590.0,4962.0,6611.0,3993.0,3710.0,2111.0
Orlando-Kissimmee-Sanford FL,1013.0,1445.0,19890.0,26460.0,16940.0,24000.0,12740.0,11490.0,13890.0,134200.0,4816.0,34330.0,4550.0,11450.0,5413.0,3584.0,11240.0,11750.0,6519.0,7273.0,7088.0,11690.0,3314.0,1809.0,6426.0,2559.0,8986.0,21090.0,15710.0,10500.0,9507.0,12300.0,9093.0,8808.0,17280.0,4018.0
Philadelphia-Camden-Wilmington PA-NJ-DE-MD,810.0,815.0,6908.0,14970.0,8443.0,18590.0,5329.0,10820.0,7982.0,13280.0,3180.0,4980.0,11900.0,6048.0,2941.0,2274.0,6371.0,3791.0,6456.0,6806.0,9910.0,7140.0,4593.0,3224.0,5115.0,4850.0,5252.0,9415.0,5935.0,7864.0,8926.0,4928.0,6491.0,6791.0,6828.0,2429.0
Phoenix-Mesa-Chandler AZ,701.0,1428.0,6162.0,7138.0,20110.0,11580.0,9264.0,6910.0,10500.0,28130.0,3897.0,13680.0,11040.0,12110.0,5522.0,5194.0,6253.0,11590.0,6700.0,9034.0,9157.0,7952.0,3661.0,1756.0,2600.0,6397.0,12970.0,12860.0,9322.0,13780.0,10070.0,22240.0,6544.0,7538.0,5045.0,2026.0
Pittsburgh PA,772.0,1069.0,5284.0,8411.0,17720.0,8731.0,17130.0,16570.0,7826.0,25100.0,5925.0,15670.0,11480.0,7293.0,2112.0,3910.0,4998.0,13750.0,5843.0,6038.0,12740.0,4478.0,4029.0,4976.0,6009.0,6490.0,8057.0,17860.0,4954.0,16010.0,6387.0,6166.0,10780.0,5640.0,15160.0,4089.0
Portland-Vancouver-Hillsboro OR-WA,971.0,1531.0,12310.0,27310.0,12530.0,14030.0,14940.0,17480.0,8017.0,18010.0,4191.0,11610.0,14760.0,13810.0,5803.0,3462.0,11730.0,12510.0,4348.0,9692.0,9231.0,14530.0,7593.0,8062.0,6609.0,6403.0,6385.0,13680.0,9377.0,6483.0,14510.0,14030.0,16690.0,19680.0,11040.0,3932.0
Riverside-San Bernardino-Ontario CA,456.0,1900.0,12150.0,14870.0,28180.0,25830.0,8643.0,16760.0,13500.0,29680.0,8440.0,16200.0,16880.0,13300.0,6630.0,3278.0,12390.0,6918.0,8704.0,10320.0,24430.0,17140.0,14140.0,16300.0,10190.0,16750.0,8818.0,7593.0,20980.0,11700.0,9998.0,10050.0,24160.0,10500.0,27510.0,5003.0
Sacramento-Roseville-Folsom CA,997.0,1879.0,11620.0,20310.0,18210.0,23800.0,20090.0,15710.0,7159.0,25460.0,7354.0,14410.0,13990.0,7813.0,15040.0,4548.0,8591.0,9619.0,8761.0,16230.0,16830.0,10480.0,11610.0,13900.0,12350.0,14120.0,7627.0,14120.0,11480.0,33940.0,35790.0,18040.0,9617.0,10120.0,18410.0,6633.0
St. Louis MO-IL,568.0,1228.0,8482.0,8784.0,19480.0,8061.0,5470.0,30250.0,6821.0,17740.0,5556.0,10940.0,26200.0,12250.0,2374.0,3292.0,7598.0,5786.0,6546.0,9484.0,7540.0,8545.0,5396.0,3134.0,6546.0,7820.0,10890.0,23220.0,5021.0,13200.0,5986.0,14730.0,10770.0,8409.0,4598.0,3628.0
San Antonio-New Braunfels TX,788.0,1865.0,3625.0,30670.0,8309.0,7268.0,14230.0,18850.0,6061.0,16300.0,5168.0,28540.0,13070.0,10800.0,5516.0,3843.0,14540.0,17540.0,6612.0,9630.0,11290.0,9134.0,5869.0,6199.0,4773.0,5730.0,10790.0,15900.0,14700.0,11410.0,11500.0,16020.0,13900.0,12340.0,21760.0,6146.0
San Diego-Chula Vista-Carlsbad CA,592.0,1959.0,14040.0,24870.0,10530.0,22470.0,11170.0,8737.0,9638.0,19120.0,5476.0,17820.0,8408.0,6619.0,4731.0,4044.0,10440.0,10450.0,5372.0,13510.0,10310.0,9008.0,6845.0,6152.0,16730.0,7530.0,11090.0,6862.0,9339.0,15410.0,21160.0,17170.0,11500.0,15560.0,22740.0,6554.0
San Francisco-Oakland-Berkeley CA,1186.0,2194.0,12840.0,9695.0,10500.0,6059.0,6868.0,7932.0,10800.0,18170.0,6289.0,17340.0,6362.0,12360.0,9848.0,3434.0,11530.0,16090.0,5950.0,11860.0,12520.0,9987.0,8331.0,14290.0,10010.0,10150.0,6450.0,17340.0,13290.0,8447.0,9131.0,9952.0,10790.0,5838.0,16790.0,4713.0
Seattle-Tacoma-Bellevue WA,650.0,2053.0,13870.0,14600.0,17680.0,6618.0,9569.0,13780.0,10770.0,26840.0,7380.0,12500.0,6265.0,8510.0,5424.0,1761.0,10550.0,9342.0,8528.0,12420.0,17540.0,20890.0,5183.0,7097.0,10360.0,3781.0,8809.0,10160.0,10420.0,14860.0,9156.0,8030.0,10330.0,9781.0,11720.0,3461.0
Tampa-St. Petersburg-Clearwater FL,915.0,2197.0,4970.0,19000.0,29060.0,5438.0,14300.0,41380.0,17700.0,25850.0,6054.0,16070.0,13560.0,8585.0,5530.0,4248.0,9469.0,11610.0,6237.0,7626.0,10930.0,10880.0,2951.0,1888.0,4295.0,8350.0,9737.0,23890.0,4073.0,10760.0,13050.0,18310.0,11230.0,3615.0,6087.0,2763.0
Washington-Arlington-Alexandria DC-VA-MD-WV,746.0,703.0,6809.0,7106.0,10240.0,3339.0,5950.0,11580.0,6380.0,17300.0,3925.0,8463.0,5428.0,5321.0,6677.0,2189.0,5696.0,3871.0,2701.0,12390.0,9434.0,6466.0,6101.0,5516.0,3718.0,7152.0,6147.0,8669.0,5084.0,7566.0,10870.0,5907.0,3190.0,8353.0,11080.0,2653.0
Source: U.S. Census Bureau 2022 American Community Survey 1-year estimates. For more information refer to <www.census.gov/acs>.,nan,nan,nan,nan,nan,nan,nan,nan,nan,nan,nan,nan,nan,nan,nan,nan,nan,nan,nan,nan,nan,nan,nan,nan,nan,nan,nan,nan,nan,nan,nan,nan,nan,nan,nan,nan
The Census Bureau has reviewed this data product to ensure appropriate access use and disclosure avoidance protection of the confidential source data used to produce this product (Data Management System (DMS) number: P-001-0000001262 Disclosure Review Board (DRB) approval number: CBDRB-FY23-SEHSD003-068.,nan,nan,nan,nan,nan,nan,nan,nan,nan,nan,nan,nan,nan,nan,nan,nan,nan,nan,nan,nan,nan,nan,nan,nan,nan,nan,nan,nan,nan,nan,nan,nan,nan,nan,nan,nan
"Note: 1. Science and Engineering related fields are included within the ""other science and engineering degrees"" category.",nan,nan,nan,nan,nan,nan,nan,nan,nan,nan,nan,nan,nan,nan,nan,nan,nan,nan,nan,nan,nan,nan,nan,nan,nan,nan,nan,nan,nan,nan,nan,nan,nan,nan,nan,nan
