.Select Metropolitan Statistical Areas,Educational Attainment.Less than a Bachelor's Degree,Educational Attainment.Bachelor's Degree or Higher,Science and Engineering Degrees.Computer Science,Science and Engineering Degrees.Engineering,Science and Engineering Degrees.Civil Engineering,Science and Engineering Degrees.Electrical Engineering,Science and Engineering Degrees.Mechanical Engineering,Science and Engineering Degrees.Mathematics,Science and Engineering Degrees.Biology,Science and Engineering Degrees.Chemistry,Science and Engineering Degrees.Psychology,Science and Engineering Degrees.Economics,Science and Engineering Degrees.Political Science,Science and Engineering Degrees.Sociology,Science and Engineering Degrees.Nursing,Science and Engineering Degrees.Other Science and Engineering Degrees2,Business Degrees.General Business,Business Degrees.Accounting,Business Degrees.Business Management and Adminstration,Business Degrees.Marketing,Business Degrees.Finance,Business Degrees.Other Business Degrees,Education Degrees.General Education,Education Degrees.Elementary Education,Education Degrees.Other Education Degrees,"Arts, Humanities and Other Degrees.Communications","Arts, Humanities and Other Degrees.English Language and Literature","Arts, Humanities and Other Degrees.Liberal Arts","Arts, Humanities and Other Degrees.History","Arts, Humanities and Other Degrees.Fine Arts","Arts, Humanities and Other Degrees.Commerical Art and Graphic Design","Arts, Humanities and Other Degrees.Family and Consumer Sciences","Arts, Humanities and Other Degrees.Physical Fitness, Parks, Recreation, and Leisure","Arts, Humanities and Other Degrees.Criminal Justice and Fire Protection","Arts, Humanities and Other Degrees.Social Work","Arts, Humanities and Other Degrees.Other Degrees"
Total Population age 25 to 64 with earnings1,40540.0,74150.0,108500.0,100600.0,99660.0,121600.0,106200.0,86560.0,81550.0,94680.0,62270.0,101400.0,86380.0,63660.0,79600.0,77910.0,80120.0,84880.0,75600.0,75930.0,99900.0,77160.0,58000.0,54900.0,58120.0,67840.0,65060.0,61380.0,73560.0,53450.0,59770.0,52850.0,61580.0,64690.0,55060.0,62100.0
Atlanta-Sandy Springs-Alpharetta GA,40740.0,76770.0,104100.0,95420.0,107000.0,117100.0,102400.0,91220.0,74610.0,83990.0,64170.0,108000.0,84590.0,68220.0,83250.0,81240.0,77750.0,85830.0,80260.0,79490.0,105900.0,85900.0,60050.0,60250.0,58850.0,76590.0,64930.0,62990.0,77760.0,65570.0,65160.0,54160.0,61770.0,61640.0,56100.0,65120.0
Austin-Round Rock-Georgetown TX,44190.0,81100.0,134400.0,120300.0,104900.0,142900.0,106500.0,77710.0,77460.0,79590.0,60860.0,94860.0,88030.0,73990.0,80020.0,84090.0,86770.0,95130.0,91220.0,81970.0,108400.0,82360.0,55410.0,55870.0,55740.0,62990.0,65880.0,64520.0,73910.0,58480.0,73950.0,65600.0,65410.0,73240.0,60430.0,66500.0
Baltimore-Columbia-Towson MD,45110.0,84330.0,119300.0,102200.0,104200.0,121200.0,118500.0,108600.0,89210.0,95780.0,68060.0,108700.0,105700.0,82050.0,82850.0,86680.0,95320.0,100500.0,84570.0,84000.0,104900.0,85710.0,73280.0,72060.0,68670.0,71830.0,78580.0,73170.0,83010.0,49510.0,68760.0,63880.0,71940.0,79900.0,63320.0,64220.0
Boston-Cambridge-Newton MA-NH,46460.0,90870.0,124500.0,107300.0,104200.0,128100.0,123300.0,109800.0,85840.0,122100.0,77280.0,118500.0,102300.0,82990.0,93040.0,94280.0,91320.0,101100.0,90930.0,89470.0,115700.0,89130.0,66400.0,75280.0,75760.0,85430.0,80490.0,62360.0,95710.0,56980.0,63730.0,65440.0,67960.0,82240.0,70180.0,74260.0
Charlotte-Concord-Gastonia NC-SC,40430.0,74000.0,105400.0,100400.0,110800.0,103300.0,107200.0,87120.0,92730.0,83070.0,64890.0,97030.0,78640.0,48970.0,76700.0,80960.0,86860.0,105400.0,75530.0,63970.0,107300.0,83340.0,55710.0,50930.0,50650.0,73840.0,53970.0,57660.0,70160.0,48810.0,57070.0,54820.0,51080.0,58380.0,48530.0,54560.0
Chicago-Naperville-Elgin IL-IN-WI,41670.0,79740.0,102200.0,100200.0,97220.0,114700.0,109300.0,89730.0,82490.0,87480.0,65240.0,105500.0,97920.0,63400.0,75270.0,82370.0,85890.0,94580.0,81960.0,84440.0,105800.0,81350.0,61670.0,63920.0,64670.0,79570.0,73540.0,62820.0,85890.0,52040.0,66040.0,53140.0,66030.0,73200.0,60770.0,64630.0
Cincinnati OH-KY-IN,41460.0,74090.0,110100.0,81590.0,84810.0,108400.0,116000.0,104300.0,72090.0,108400.0,65170.0,104900.0,75030.0,50230.0,72930.0,80500.0,80610.0,81660.0,81830.0,81400.0,92510.0,88550.0,55830.0,57540.0,63270.0,66630.0,59420.0,44360.0,74360.0,46340.0,58240.0,48240.0,53890.0,66370.0,45940.0,64130.0
Dallas-Fort Worth-Arlington TX,41020.0,78670.0,105800.0,97700.0,106900.0,120100.0,107200.0,92460.0,81370.0,73550.0,61550.0,99890.0,93120.0,66830.0,80030.0,79770.0,90600.0,92000.0,82110.0,77760.0,107500.0,83900.0,61400.0,59580.0,63140.0,63270.0,70450.0,60180.0,76750.0,52850.0,61040.0,50700.0,68560.0,66880.0,63510.0,70020.0
Denver-Aurora-Lakewood CO,47140.0,82210.0,112000.0,104500.0,92260.0,129500.0,120200.0,82140.0,79950.0,89180.0,71630.0,100700.0,90570.0,74720.0,77220.0,84170.0,92580.0,100000.0,88950.0,81330.0,115200.0,85730.0,54830.0,58420.0,62080.0,80920.0,66690.0,65970.0,82790.0,60170.0,65210.0,50340.0,72850.0,71380.0,52370.0,68210.0
Detroit-Warren-Dearborn MI,40230.0,79120.0,104600.0,104000.0,105700.0,115600.0,120100.0,78520.0,82420.0,93610.0,62770.0,102000.0,82200.0,67870.0,80860.0,80940.0,84580.0,82580.0,79430.0,77360.0,101000.0,77970.0,64230.0,54690.0,58150.0,61170.0,58260.0,57630.0,63610.0,53530.0,50670.0,44540.0,71750.0,62540.0,58030.0,64980.0
Houston-The Woodlands-Sugar Land TX,39340.0,75690.0,93880.0,115700.0,97680.0,111500.0,115900.0,76810.0,77320.0,100100.0,63700.0,102200.0,67790.0,53420.0,90930.0,82260.0,71030.0,85480.0,78020.0,80210.0,91080.0,72810.0,60450.0,60890.0,63690.0,63370.0,61960.0,67890.0,67780.0,42980.0,52670.0,56480.0,62920.0,61550.0,63410.0,64940.0
Las Vegas-Henderson-Paradise NV,39250.0,64500.0,73090.0,75380.0,77060.0,67900.0,100100.0,49290.0,80990.0,115700.0,59470.0,78620.0,76470.0,45630.0,85000.0,72790.0,70980.0,71240.0,65860.0,58810.0,55920.0,56740.0,52660.0,54880.0,62560.0,73080.0,50780.0,41540.0,67990.0,50160.0,51700.0,15490.0,55040.0,65040.0,61710.0,56150.0
Los Angeles-Long Beach-Anaheim CA,37550.0,81230.0,101700.0,102300.0,106000.0,127300.0,111700.0,95310.0,92250.0,91400.0,71940.0,96420.0,93630.0,69960.0,95480.0,85340.0,88950.0,85480.0,79460.0,81660.0,101200.0,81810.0,62730.0,70550.0,64330.0,81290.0,73810.0,69490.0,82380.0,62550.0,68500.0,60010.0,59620.0,74510.0,60600.0,66550.0
Miami-Fort Lauderdale-Pompano Beach FL,35690.0,63920.0,88460.0,62440.0,73260.0,100600.0,82530.0,80250.0,72710.0,63190.0,54490.0,71730.0,78220.0,60450.0,73100.0,65980.0,64860.0,71460.0,56670.0,73330.0,87100.0,68670.0,52990.0,53630.0,57340.0,54740.0,58370.0,51610.0,66680.0,42250.0,59040.0,61390.0,53320.0,64920.0,51090.0,61390.0
Minneapolis-St. Paul-Bloomington MN-WI,47410.0,79530.0,111900.0,100600.0,100900.0,116600.0,104900.0,97320.0,85400.0,108700.0,72520.0,96530.0,90200.0,66140.0,79480.0,78550.0,91960.0,95960.0,88600.0,81440.0,102100.0,90300.0,69250.0,58920.0,60010.0,72320.0,65920.0,72780.0,75750.0,60050.0,64350.0,52880.0,63220.0,79430.0,60000.0,65070.0
New York-Newark-Jersey City NY-NJ-PA,41020.0,86790.0,111900.0,95490.0,102800.0,120100.0,119700.0,102300.0,97220.0,105300.0,74980.0,121500.0,101600.0,79910.0,92610.0,88350.0,92530.0,94260.0,85590.0,81620.0,117100.0,86360.0,70550.0,76090.0,74480.0,83190.0,81530.0,66000.0,96720.0,67660.0,73170.0,82260.0,80100.0,70700.0,64390.0,73610.0
Orlando-Kissimmee-Sanford FL,37710.0,61460.0,105400.0,65860.0,95680.0,64720.0,94200.0,64040.0,75450.0,136600.0,56440.0,86030.0,57550.0,51180.0,74230.0,62570.0,76730.0,61930.0,60100.0,63990.0,81670.0,58910.0,49240.0,48550.0,48010.0,51360.0,49620.0,52780.0,82940.0,52660.0,46280.0,51440.0,51670.0,56310.0,53990.0,53110.0
Philadelphia-Camden-Wilmington PA-NJ-DE-MD,42820.0,80390.0,105600.0,101300.0,103200.0,124300.0,106100.0,100400.0,88360.0,106700.0,68080.0,98420.0,85210.0,65090.0,85540.0,82060.0,85010.0,95530.0,86100.0,88580.0,97900.0,80080.0,66700.0,69080.0,69780.0,70500.0,71970.0,67000.0,75800.0,54110.0,66090.0,64080.0,66470.0,78460.0,63230.0,61710.0
Phoenix-Mesa-Chandler AZ,42800.0,72370.0,113900.0,98470.0,103900.0,105700.0,103000.0,93880.0,76390.0,87510.0,62740.0,89070.0,89260.0,60540.0,77220.0,77270.0,73050.0,89090.0,79360.0,85690.0,94410.0,79070.0,56730.0,52180.0,53880.0,63750.0,72220.0,56390.0,73520.0,60820.0,61820.0,52450.0,65300.0,67690.0,54060.0,61640.0
Pittsburgh PA,42130.0,71040.0,101900.0,81340.0,93960.0,101800.0,115200.0,80830.0,75080.0,85440.0,58120.0,86400.0,68680.0,54790.0,71980.0,76780.0,70750.0,82670.0,73270.0,73430.0,93300.0,63980.0,61700.0,65110.0,66170.0,66260.0,60660.0,60460.0,63090.0,56590.0,60980.0,44110.0,58190.0,71280.0,55240.0,56960.0
Portland-Vancouver-Hillsboro OR-WA,44090.0,79660.0,127200.0,97230.0,118500.0,137600.0,114200.0,99520.0,93490.0,123700.0,66870.0,112300.0,92560.0,67110.0,92460.0,82230.0,91430.0,82880.0,86260.0,79080.0,109300.0,94730.0,60850.0,61640.0,65680.0,63990.0,66630.0,56790.0,67280.0,41000.0,69890.0,48170.0,73110.0,72940.0,61680.0,64420.0
Riverside-San Bernardino-Ontario CA,40730.0,73810.0,71790.0,80750.0,113800.0,122600.0,103500.0,74220.0,75430.0,72280.0,61860.0,76280.0,83590.0,54920.0,89350.0,74050.0,79320.0,73300.0,77770.0,79170.0,93230.0,67790.0,72990.0,77420.0,71750.0,52190.0,66400.0,70160.0,100100.0,55960.0,50970.0,54950.0,62110.0,69050.0,62190.0,64360.0
Sacramento-Roseville-Folsom CA,43780.0,84430.0,101100.0,87830.0,120200.0,143200.0,95830.0,80220.0,103700.0,80020.0,77900.0,100100.0,99670.0,66870.0,112300.0,88550.0,90940.0,77450.0,86820.0,95520.0,89000.0,82590.0,70680.0,68950.0,68680.0,81580.0,70850.0,80120.0,82090.0,59100.0,79070.0,53330.0,75040.0,70540.0,66130.0,69420.0
St. Louis MO-IL,41420.0,72350.0,107800.0,97290.0,103600.0,99430.0,103800.0,57280.0,71060.0,96610.0,59460.0,106500.0,89370.0,61190.0,74290.0,81080.0,82580.0,93960.0,74010.0,77190.0,90160.0,88130.0,52330.0,52710.0,59250.0,64260.0,63580.0,65250.0,62510.0,49860.0,66400.0,53210.0,73230.0,59500.0,43960.0,56440.0
San Antonio-New Braunfels TX,36640.0,65300.0,86290.0,75480.0,90800.0,82400.0,99130.0,47590.0,70960.0,69460.0,59130.0,72030.0,68820.0,55770.0,73250.0,71840.0,68360.0,75490.0,67960.0,64950.0,91920.0,65980.0,50630.0,52480.0,61910.0,57190.0,60030.0,64440.0,70750.0,41170.0,57210.0,53110.0,59630.0,68690.0,56860.0,54310.0
San Diego-Chula Vista-Carlsbad CA,41990.0,84380.0,116000.0,101300.0,101900.0,133200.0,120400.0,82010.0,97570.0,115800.0,65500.0,100800.0,93580.0,63920.0,94630.0,91140.0,85040.0,92330.0,78270.0,70860.0,90870.0,81000.0,55740.0,50230.0,51950.0,72410.0,72950.0,72560.0,85250.0,64250.0,64250.0,67570.0,62700.0,70860.0,48770.0,70720.0
San Francisco-Oakland-Berkeley CA,45020.0,114800.0,166700.0,151200.0,122000.0,182100.0,154400.0,157200.0,116600.0,145300.0,92430.0,128400.0,125300.0,92840.0,114500.0,121100.0,114500.0,120800.0,121700.0,105400.0,127300.0,119100.0,80630.0,69540.0,68680.0,98580.0,100200.0,91970.0,116100.0,78470.0,86210.0,66030.0,90260.0,86850.0,90070.0,89900.0
Seattle-Tacoma-Bellevue WA,50940.0,98000.0,171300.0,138400.0,124900.0,151700.0,123300.0,117200.0,89200.0,97270.0,79060.0,120900.0,102100.0,85410.0,87550.0,102100.0,92970.0,97260.0,90860.0,88940.0,120500.0,91700.0,70860.0,81440.0,70130.0,76120.0,79050.0,78440.0,89960.0,61450.0,73430.0,57710.0,86880.0,80290.0,68050.0,74560.0
Tampa-St. Petersburg-Clearwater FL,38830.0,67880.0,99890.0,90070.0,101100.0,91050.0,92200.0,103200.0,81960.0,90060.0,54760.0,82560.0,67640.0,62270.0,77490.0,73620.0,76530.0,78240.0,69560.0,75180.0,94930.0,77110.0,49440.0,52480.0,57910.0,60770.0,54580.0,77800.0,62420.0,48140.0,48010.0,53930.0,52100.0,60800.0,52210.0,56360.0
Washington-Arlington-Alexandria DC-VA-MD-WV,44800.0,100200.0,128600.0,117800.0,127200.0,142700.0,122500.0,117900.0,104700.0,118500.0,81110.0,118400.0,112900.0,81690.0,92520.0,102500.0,102900.0,103800.0,101200.0,93670.0,120000.0,100900.0,70850.0,65490.0,72610.0,82760.0,95360.0,93330.0,106300.0,80250.0,72870.0,71750.0,76130.0,95660.0,67440.0,86050.0
Source: U.S. Census Bureau 2022 American Community Survey 1-year estimates. For more information refer to <www.census.gov/acs>.,nan,nan,nan,nan,nan,nan,nan,nan,nan,nan,nan,nan,nan,nan,nan,nan,nan,nan,nan,nan,nan,nan,nan,nan,nan,nan,nan,nan,nan,nan,nan,nan,nan,nan,nan,nan
The Census Bureau has reviewed this data product to ensure appropriate access use and disclosure avoidance protection of the confidential source data used to produce this product (Data Management System (DMS) number: P-001-0000001262 Disclosure Review Board (DRB) approval number: CBDRB-FY23-SEHSD003-068.,nan,nan,nan,nan,nan,nan,nan,nan,nan,nan,nan,nan,nan,nan,nan,nan,nan,nan,nan,nan,nan,nan,nan,nan,nan,nan,nan,nan,nan,nan,nan,nan,nan,nan,nan,nan
"Note: 1. See Margins of Error for these estimates in table M3. 2  Science and Engineering related fields are included within the ""other science and engineering degrees"" category.",nan,nan,nan,nan,nan,nan,nan,nan,nan,nan,nan,nan,nan,nan,nan,nan,nan,nan,nan,nan,nan,nan,nan,nan,nan,nan,nan,nan,nan,nan,nan,nan,nan,nan,nan,nan
