Select Metropolitan Statistical Areas,Educational Attainment.Less than a Bachelor's Degree,Educational Attainment.Bachelor's Degree or Higher,Science and Engineering Degrees.Computer Science,Science and Engineering Degrees.Engineering,Science and Engineering Degrees.Civil Engineering,Science and Engineering Degrees.Electrical Engineering,Science and Engineering Degrees.Mechanical Engineering,Science and Engineering Degrees.Mathematics,Science and Engineering Degrees.Biology,Science and Engineering Degrees.Chemistry,Science and Engineering Degrees.Psychology,Science and Engineering Degrees.Economics,Science and Engineering Degrees.Political Science,Science and Engineering Degrees.Sociology,Science and Engineering Degrees.Nursing,Science and Engineering Degrees.Other Science and Engineering Degrees2,Business Degrees.General Business,Business Degrees.Accounting,Business Degrees.Business Management and Adminstration,Business Degrees.Marketing,Business Degrees.Finance,Business Degrees.Other Business Degrees,Education Degrees.General Education,Education Degrees.Elementary Education,Education Degrees.Other Education Degrees,"Arts, Humanities and Other Degrees.Communications","Arts, Humanities and Other Degrees.English Language and Literature","Arts, Humanities and Other Degrees.Liberal Arts","Arts, Humanities and Other Degrees.History","Arts, Humanities and Other Degrees.Fine Arts","Arts, Humanities and Other Degrees.Commerical Art and Graphic Design","Arts, Humanities and Other Degrees.Family and Consumer Sciences","Arts, Humanities and Other Degrees.Physical Fitness, Parks, Recreation, and Leisure","Arts, Humanities and Other Degrees.Criminal Justice and Fire Protection","Arts, Humanities and Other Degrees.Social Work","Arts, Humanities and Other Degrees.Other Degrees"
Total Population age 25 to 64 with earnings1,40540,74150,108500,100600,99660,121600,106200,86560,81550,94680,62270,101400,86380,63660,79600,77910,80120,84880,75600,75930,99900,77160,58000,54900,58120,67840,65060,61380,73560,53450,59770,52850,61580,64690,55060,62100
"Atlanta-Sandy Springs-Alpharetta, GA",40740,76770,104100,95420,107000,117100,102400,91220,74610,83990,64170,108000,84590,68220,83250,81240,77750,85830,80260,79490,105900,85900,60050,60250,58850,76590,64930,62990,77760,65570,65160,54160,61770,61640,56100,65120
"Austin-Round Rock-Georgetown, TX",44190,81100,134400,120300,104900,142900,106500,77710,77460,79590,60860,94860,88030,73990,80020,84090,86770,95130,91220,81970,108400,82360,55410,55870,55740,62990,65880,64520,73910,58480,73950,65600,65410,73240,60430,66500
"Baltimore-Columbia-Towson, MD",45110,84330,119300,102200,104200,121200,118500,108600,89210,95780,68060,108700,105700,82050,82850,86680,95320,100500,84570,84000,104900,85710,73280,72060,68670,71830,78580,73170,83010,49510,68760,63880,71940,79900,63320,64220
"Boston-Cambridge-Newton, MA-NH",46460,90870,124500,107300,104200,128100,123300,109800,85840,122100,77280,118500,102300,82990,93040,94280,91320,101100,90930,89470,115700,89130,66400,75280,75760,85430,80490,62360,95710,56980,63730,65440,67960,82240,70180,74260
"Charlotte-Concord-Gastonia, NC-SC",40430,74000,105400,100400,110800,103300,107200,87120,92730,83070,64890,97030,78640,48970,76700,80960,86860,105400,75530,63970,107300,83340,55710,50930,50650,73840,53970,57660,70160,48810,57070,54820,51080,58380,48530,54560
"Chicago-Naperville-Elgin, IL-IN-WI",41670,79740,102200,100200,97220,114700,109300,89730,82490,87480,65240,105500,97920,63400,75270,82370,85890,94580,81960,84440,105800,81350,61670,63920,64670,79570,73540,62820,85890,52040,66040,53140,66030,73200,60770,64630
"Cincinnati, OH-KY-IN",41460,74090,110100,81590,84810,108400,116000,104300,72090,108400,65170,104900,75030,50230,72930,80500,80610,81660,81830,81400,92510,88550,55830,57540,63270,66630,59420,44360,74360,46340,58240,48240,53890,66370,45940,64130
"Dallas-Fort Worth-Arlington, TX",41020,78670,105800,97700,106900,120100,107200,92460,81370,73550,61550,99890,93120,66830,80030,79770,90600,92000,82110,77760,107500,83900,61400,59580,63140,63270,70450,60180,76750,52850,61040,50700,68560,66880,63510,70020
"Denver-Aurora-Lakewood, CO",47140,82210,112000,104500,92260,129500,120200,82140,79950,89180,71630,100700,90570,74720,77220,84170,92580,100000,88950,81330,115200,85730,54830,58420,62080,80920,66690,65970,82790,60170,65210,50340,72850,71380,52370,68210
"Detroit-Warren-Dearborn, MI",40230,79120,104600,104000,105700,115600,120100,78520,82420,93610,62770,102000,82200,67870,80860,80940,84580,82580,79430,77360,101000,77970,64230,54690,58150,61170,58260,57630,63610,53530,50670,44540,71750,62540,58030,64980
"Houston-The Woodlands-Sugar Land, TX",39340,75690,93880,115700,97680,111500,115900,76810,77320,100100,63700,102200,67790,53420,90930,82260,71030,85480,78020,80210,91080,72810,60450,60890,63690,63370,61960,67890,67780,42980,52670,56480,62920,61550,63410,64940
"Las Vegas-Henderson-Paradise, NV",39250,64500,73090,75380,77060,67900,100100,49290,80990,115700,59470,78620,76470,45630,85000,72790,70980,71240,65860,58810,55920,56740,52660,54880,62560,73080,50780,41540,67990,50160,51700,15490,55040,65040,61710,56150
"Los Angeles-Long Beach-Anaheim, CA",37550,81230,101700,102300,106000,127300,111700,95310,92250,91400,71940,96420,93630,69960,95480,85340,88950,85480,79460,81660,101200,81810,62730,70550,64330,81290,73810,69490,82380,62550,68500,60010,59620,74510,60600,66550
"Miami-Fort Lauderdale-Pompano Beach, FL",35690,63920,88460,62440,73260,100600,82530,80250,72710,63190,54490,71730,78220,60450,73100,65980,64860,71460,56670,73330,87100,68670,52990,53630,57340,54740,58370,51610,66680,42250,59040,61390,53320,64920,51090,61390
"Minneapolis-St. Paul-Bloomington, MN-WI",47410,79530,111900,100600,100900,116600,104900,97320,85400,108700,72520,96530,90200,66140,79480,78550,91960,95960,88600,81440,102100,90300,69250,58920,60010,72320,65920,72780,75750,60050,64350,52880,63220,79430,60000,65070
"New York-Newark-Jersey City, NY-NJ-PA",41020,86790,111900,95490,102800,120100,119700,102300,97220,105300,74980,121500,101600,79910,92610,88350,92530,94260,85590,81620,117100,86360,70550,76090,74480,83190,81530,66000,96720,67660,73170,82260,80100,70700,64390,73610
"Orlando-Kissimmee-Sanford, FL",37710,61460,105400,65860,95680,64720,94200,64040,75450,136600,56440,86030,57550,51180,74230,62570,76730,61930,60100,63990,81670,58910,49240,48550,48010,51360,49620,52780,82940,52660,46280,51440,51670,56310,53990,53110
"Philadelphia-Camden-Wilmington, PA-NJ-DE-MD",42820,80390,105600,101300,103200,124300,106100,100400,88360,106700,68080,98420,85210,65090,85540,82060,85010,95530,86100,88580,97900,80080,66700,69080,69780,70500,71970,67000,75800,54110,66090,64080,66470,78460,63230,61710
"Phoenix-Mesa-Chandler, AZ",42800,72370,113900,98470,103900,105700,103000,93880,76390,87510,62740,89070,89260,60540,77220,77270,73050,89090,79360,85690,94410,79070,56730,52180,53880,63750,72220,56390,73520,60820,61820,52450,65300,67690,54060,61640
"Pittsburgh, PA",42130,71040,101900,81340,93960,101800,115200,80830,75080,85440,58120,86400,68680,54790,71980,76780,70750,82670,73270,73430,93300,63980,61700,65110,66170,66260,60660,60460,63090,56590,60980,44110,58190,71280,55240,56960
"Portland-Vancouver-Hillsboro, OR-WA",44090,79660,127200,97230,118500,137600,114200,99520,93490,123700,66870,112300,92560,67110,92460,82230,91430,82880,86260,79080,109300,94730,60850,61640,65680,63990,66630,56790,67280,41000,69890,48170,73110,72940,61680,64420
"Riverside-San Bernardino-Ontario, CA",40730,73810,71790,80750,113800,122600,103500,74220,75430,72280,61860,76280,83590,54920,89350,74050,79320,73300,77770,79170,93230,67790,72990,77420,71750,52190,66400,70160,100100,55960,50970,54950,62110,69050,62190,64360
"Sacramento-Roseville-Folsom, CA",43780,84430,101100,87830,120200,143200,95830,80220,103700,80020,77900,100100,99670,66870,112300,88550,90940,77450,86820,95520,89000,82590,70680,68950,68680,81580,70850,80120,82090,59100,79070,53330,75040,70540,66130,69420
"St. Louis, MO-IL",41420,72350,107800,97290,103600,99430,103800,57280,71060,96610,59460,106500,89370,61190,74290,81080,82580,93960,74010,77190,90160,88130,52330,52710,59250,64260,63580,65250,62510,49860,66400,53210,73230,59500,43960,56440
"San Antonio-New Braunfels, TX",36640,65300,86290,75480,90800,82400,99130,47590,70960,69460,59130,72030,68820,55770,73250,71840,68360,75490,67960,64950,91920,65980,50630,52480,61910,57190,60030,64440,70750,41170,57210,53110,59630,68690,56860,54310
"San Diego-Chula Vista-Carlsbad, CA",41990,84380,116000,101300,101900,133200,120400,82010,97570,115800,65500,100800,93580,63920,94630,91140,85040,92330,78270,70860,90870,81000,55740,50230,51950,72410,72950,72560,85250,64250,64250,67570,62700,70860,48770,70720
"San Francisco-Oakland-Berkeley, CA",45020,114800,166700,151200,122000,182100,154400,157200,116600,145300,92430,128400,125300,92840,114500,121100,114500,120800,121700,105400,127300,119100,80630,69540,68680,98580,100200,91970,116100,78470,86210,66030,90260,86850,90070,89900
"Seattle-Tacoma-Bellevue, WA",50940,98000,171300,138400,124900,151700,123300,117200,89200,97270,79060,120900,102100,85410,87550,102100,92970,97260,90860,88940,120500,91700,70860,81440,70130,76120,79050,78440,89960,61450,73430,57710,86880,80290,68050,74560
"Tampa-St. Petersburg-Clearwater, FL",38830,67880,99890,90070,101100,91050,92200,103200,81960,90060,54760,82560,67640,62270,77490,73620,76530,78240,69560,75180,94930,77110,49440,52480,57910,60770,54580,77800,62420,48140,48010,53930,52100,60800,52210,56360
"Washington-Arlington-Alexandria, DC-VA-MD-WV",44800,100200,128600,117800,127200,142700,122500,117900,104700,118500,81110,118400,112900,81690,92520,102500,102900,103800,101200,93670,120000,100900,70850,65490,72610,82760,95360,93330,106300,80250,72870,71750,76130,95660,67440,86050
